Nombre,Referencia interna,Código de barras,Categoría de producto,Coste,Precio de venta,Unidad SAT,Margen de Utilidad,Margen de Utilidad en %
'BLISTER SEGUETA BOSCH.MOD-T301CD C/5-PIEZAS,,,All,0.0,0.0,,0.0,
'CALADORA SIERRA INALAMBRICA  MAX XR DE 20 V. DEWALT  DCS 334B,,,All,0.0,0.0,,0.0,
"'Conector Armable tipo M12, Hembra, 4 Polos, Recto.",,,All,0.0,0.0,Pieza,0.0,
'MARCADOR TINTA PERMANENTE ESTERBROOK,,,All,0.0,0.0,,0.0,
ABRAZADERA UÑA 3/8              500,7708,,ABRAMEX,0.96,1.0,Pieza,0.04,4.000000000000004
ALAMBRE PARA COLGAR VERDE 30 MTS,975771,,HOME DEPOT,0.0,1.0,Pieza,1.0,100.0
ALCAYATA GALVANIZADA 16x20,16-009-16X20,,EL TORNILLO,0.31,1.0,Pieza,0.69,69.0
ARMELLA ABIERTA GALVANIZADA 17x40,16-002-17X40,,EL TORNILLO,0.37,1.0,Pieza,0.63,63.0
ARMELLA CERRADA GALVANIZADA 16X30,,,EL TORNILLO,0.0,1.0,Pieza,1.0,100.0
ARMELLA CERRADA GALVANIZADA 17X40,16-001-17X40,,EL TORNILLO,0.25,1.0,Pieza,0.75,75.0
ARMELLA CERRADA GALVANIZADA 18X50,16-001-18X50,,EL TORNILLO,0.47,1.0,Pieza,0.53,53.0
Abrazadera tipo 'U' CPVC 1/2',CPVC-401,7506240663157,limsa,0.5,0.8,Pieza,0.3,37.50000000000001
"Bolsa plástica, 20 x 40 cm",BOPO-20X38,7501206690499,Truper,0.5,1.0,Pieza,0.5,50.0
Boquilla penetradora,,,All,0.0,0.0,Pieza,0.0,
Boquilla sanitaria,,,All,0.0,0.0,Pieza,0.0,
CADENA BOLITA CONECTOR SEGURO P/CADENA 3.2MM REDURO,7561,,ABRAMEX,0.96,1.0,Pieza,0.04,4.000000000000004
CAMPANA COAX. C/CINCHO RG-6 GRUESA EKO,10732,,ABRAMEX,1.02,1.0,Pieza,-0.02,-2.0000000000000018
CHAVETA PULIDA 1/16x1,37-001-1/16X1,,EL TORNILLO,0.17,0.5,Pieza,0.3299999999999999,65.99999999999999
CHAVETA PULIDA 1/16x1-1/4,37-001-1/16X1-1/4,,EL TORNILLO,0.18,0.5,Pieza,0.32,64.0
CHAVETA PULIDA 1/16x1/2,37-001-1/16X1/2,,EL TORNILLO,0.14,0.5,Pieza,0.36,72.0
CHAVETA PULIDA 1/16x3/4,37-001-1/16X3/4,,EL TORNILLO,0.21,0.5,Pieza,0.29,58.00000000000001
CHAVETA PULIDA 1/8X1/2,37-001-1/8X1/2,,EL TORNILLO,0.23,1.0,Pieza,0.77,77.0
CHAVETA PULIDA 1/8X3/4,37-001-1/8X3/4,,EL TORNILLO,0.25,1.0,Pieza,0.75,75.0
CHAVETA PULIDA 532X1,CHAVP532X1,,EL TORNILLO,0.34,1.0,Pieza,0.6599999999999999,65.99999999999999
CHAVETA PULIDA 532X1/2,CHAVP532X1/2,,EL TORNILLO,0.35,1.0,Pieza,0.65,65.0
CHAVETA PULIDA 532X11/2,CHAVP532X11/2,,EL TORNILLO,0.49,1.0,Pieza,0.51,51.0
CHAVETA PULIDA 532X3/4,CHAVP532X3/4,,EL TORNILLO,0.33,1.0,Pieza,0.6699999999999999,67.0
CINCHO DE PLASTICO 100X2.5MM 1 PIEZA NATURAL 114200 SURTEK,,,SURTEK,0.0,1.0,Pieza,1.0,100.0
CONECTOR PARA VARILLA,519-AC194,,TAMEX,0.0,1.0,Pieza,1.0,100.0
CONSTRUCTORA DUSIF,,,All,0.0,1.0,,1.0,100.0
CT CORREDERA NYLON P/CORTINERO (PZ),9869,,ABRAMEX,0.19,0.28,Pieza,0.09,32.14285714285715
Candado de Hierro 25mm,FH25-B,798660207579,All,35.0,1.0,Pieza,-34.0,-3400.0
"Clavillo dorado, 17 mm, caja con 500 piezas X PZA",44901,,Fiero,0.0,1.0,Pieza,1.0,100.0
Codo HCO Inglés C/C 90 X 6”,,,All,0.0,0.0,Pieza,0.0,
Codo alcantarillado 90X6”,,,All,0.0,0.0,Pieza,0.0,
Copia de reparación HCO inglés 6”,,,All,0.0,0.0,Pieza,0.0,
Cople PVC serie 20 de 10” de diámetro.,,,All,0.0,0.0,Pieza,0.0,
Cople PVC serie 20 de 8” de diámetro.,,,All,0.0,0.0,Pieza,0.0,
Despachador 13 compartimentos para brocas HSS con producto,,,All,0.0,1.0,,1.0,100.0
EMPAQUE DE NEOPRENO VULCANIZADO GALVANIZADO NO63 1/4x16,09-028-1/4x16,,EL TORNILLO,0.14,0.5,Pieza,0.36,72.0
EXTREMIDAD DE FOFO DE 18” DE DIAMETRO,,,All,0.0,0.0,Pieza,0.0,
GALV PIJA HEXAGONAL PARA LAMINA 10X1,PHLAMG010025,,EL TORNILLO,0.27,1.0,Pieza,0.73,73.0
GALV PIJA HEXAGONAL PARA LAMINA 10X1/2,PHLAMG010013,,EL TORNILLO,0.21,0.5,Pieza,0.29,58.00000000000001
GALV PIJA HEXAGONAL PARA LAMINA 10X11/2,PHLAMG010038,,EL TORNILLO,0.32,1.0,Pieza,0.6799999999999999,68.0
GALV PIJA HEXAGONAL PARA LAMINA 10X3/4,PHLAMG010019,,EL TORNILLO,0.24,0.5,Pieza,0.26,52.0
GALV PIJA HEXAGONAL PARA LAMINA 12X1,PHLAMG012025,,EL TORNILLO,0.34,1.0,Pieza,0.6599999999999999,65.99999999999999
GALV PIJA HEXAGONAL PARA LAMINA 12X1/2,PHLAMG012013,,EL TORNILLO,0.31,1.0,Pieza,0.69,69.0
GALV PIJA HEXAGONAL PARA LAMINA 12X11/2,PHLAMG012038,,EL TORNILLO,0.46,1.0,Pieza,0.54,54.0
GALV PIJA HEXAGONAL PARA LAMINA 12X3/4,PHLAMG012019,,EL TORNILLO,0.39,1.0,Pieza,0.61,61.0
GALV PIJA HEXAGONAL PARA LAMINA 14X1,PHLAMG014025,,EL TORNILLO,0.39,1.0,Pieza,0.61,61.0
GALV PIJA HEXAGONAL PARA LAMINA 14X1/2,PHLAMG014013,,EL TORNILLO,0.39,1.0,Pieza,0.61,61.0
GALV PIJA HEXAGONAL PARA LAMINA 14X11/4,PHLAMG014032,,EL TORNILLO,0.5,1.0,Pieza,0.5,50.0
GALV PIJA HEXAGONAL PARA LAMINA 14X3/4,PHLAMG014019,,EL TORNILLO,0.35,1.0,Pieza,0.65,65.0
GALV PIJA HEXAGONAL PARA LAMINA 8X1,PHLAMG008025,,EL TORNILLO,0.2,0.5,Pieza,0.3,60.0
GALV PIJA HEXAGONAL PARA LAMINA 8X1/2,PHLAMG008013,,EL TORNILLO,0.15,0.5,Pieza,0.35,70.0
GALV PIJA HEXAGONAL PARA LAMINA 8X3/4,PHLAMG008019,,EL TORNILLO,0.18,0.5,Pieza,0.32,64.0
GALV PIJA K-LATH PUNTA DE BROCA 8X15/8,PKLPBG008041,,EL TORNILLO,0.33,1.0,Pieza,0.6699999999999999,67.0
GALV PIJA PARA LAMINA PLANA PHILLIPS 1/4X1/2,PLPPHG014013,,EL TORNILLO,0.34,1.0,Pieza,0.6599999999999999,65.99999999999999
GALV PIJA PARA LAMINA PLANA PHILLIPS 1/4X11/4,PLPPHG014032,,EL TORNILLO,0.46,1.0,Pieza,0.54,54.0
GALV PIJA PARA LAMINA PLANA PHILLIPS 1/4X3/4,09-023-1/4X3/4,,EL TORNILLO,0.33,1.0,Pieza,0.6699999999999999,67.0
GALV PIJA PARA LAMINA PLANA PHILLIPS 10X1,09-023-10X1,,EL TORNILLO,0.21,0.5,Pieza,0.29,58.00000000000001
GALV PIJA PARA LAMINA PLANA PHILLIPS 10X1/2,PLPPHG010013,,EL TORNILLO,0.13,0.5,Pieza,0.37,74.0
GALV PIJA PARA LAMINA PLANA PHILLIPS 10X11/2,09-023-10X11/2,,EL TORNILLO,0.3,1.0,Pieza,0.7,70.0
GALV PIJA PARA LAMINA PLANA PHILLIPS 10X11/4,09-023-10X1-1/4,,EL TORNILLO,0.3,1.0,Pieza,0.7,70.0
GALV PIJA PARA LAMINA PLANA PHILLIPS 10X2,PLPPHG010051,,EL TORNILLO,0.31,1.0,Pieza,0.69,69.0
GALV PIJA PARA LAMINA PLANA PHILLIPS 10X21/2,PLPPHG010064,,EL TORNILLO,0.41,1.0,Pieza,0.5900000000000001,59.00000000000001
GALV PIJA PARA LAMINA PLANA PHILLIPS 10X3,PLPPHG010076,,EL TORNILLO,0.46,1.0,Pieza,0.54,54.0
GALV PIJA PARA LAMINA PLANA PHILLIPS 10X3/4,PLPPHG010019,,EL TORNILLO,0.15,0.5,Pieza,0.35,70.0
GALV PIJA PARA LAMINA PLANA PHILLIPS 10X5/8,PLPPHG010016,,EL TORNILLO,0.24,0.5,Pieza,0.26,52.0
GALV PIJA PARA LAMINA PLANA PHILLIPS 12X1,09-023-12X1,,EL TORNILLO,0.37,1.0,Pieza,0.63,63.0
GALV PIJA PARA LAMINA PLANA PHILLIPS 12X1/2,PLPPHG012013,,EL TORNILLO,0.17,0.5,Pieza,0.3299999999999999,65.99999999999999
GALV PIJA PARA LAMINA PLANA PHILLIPS 12X11/2,PLPPHG012038,,EL TORNILLO,0.32,1.0,Pieza,0.6799999999999999,68.0
GALV PIJA PARA LAMINA PLANA PHILLIPS 12X11/4,PLPPHG012032,,EL TORNILLO,0.37,1.0,Pieza,0.63,63.0
GALV PIJA PARA LAMINA PLANA PHILLIPS 12X2,PLPPHG012051,,EL TORNILLO,0.38,1.0,Pieza,0.62,62.0
GALV PIJA PARA LAMINA PLANA PHILLIPS 12X21/2,PLPPHG012064,,EL TORNILLO,0.48,1.0,Pieza,0.52,52.0
GALV PIJA PARA LAMINA PLANA PHILLIPS 12X3/4,09-023-12X3/4,,EL TORNILLO,0.27,1.0,Pieza,0.73,73.0
GALV PIJA PARA LAMINA PLANA PHILLIPS 12X5/8,PLPPHG012016,,EL TORNILLO,0.38,1.0,Pieza,0.62,62.0
GALV PIJA PARA LAMINA PLANA PHILLIPS 4X1,PLPPHG004025,,EL TORNILLO,0.1,0.5,Pieza,0.4,80.0
GALV PIJA PARA LAMINA PLANA PHILLIPS 4X3/4,PLPPHG004019,,EL TORNILLO,0.08,0.5,Pieza,0.42,84.0
GALV PIJA PARA LAMINA PLANA PHILLIPS 4X5/8,09-023-4x5/8,,EL TORNILLO,0.09,0.5,Pieza,0.41,82.0
GALV PIJA PARA LAMINA PLANA PHILLIPS 6X1,PLPPHG006025,,EL TORNILLO,0.11,0.5,Pieza,0.39,78.0
GALV PIJA PARA LAMINA PLANA PHILLIPS 6X1-1/4,09-023-6X1-1/4,,EL TORNILLO,0.16,0.5,Pieza,0.3399999999999999,68.0
GALV PIJA PARA LAMINA PLANA PHILLIPS 6X1/2,PLPPHG006013,,EL TORNILLO,0.08,0.5,Pieza,0.42,84.0
GALV PIJA PARA LAMINA PLANA PHILLIPS 6X11/2,PLPPHG006038,,EL TORNILLO,0.16,0.5,Pieza,0.3399999999999999,68.0
GALV PIJA PARA LAMINA PLANA PHILLIPS 6X3/4,PLPPHG006019,,EL TORNILLO,0.09,0.5,Pieza,0.41,82.0
GALV PIJA PARA LAMINA PLANA PHILLIPS 6X5/8,PLPPHG006016,,EL TORNILLO,0.08,0.5,Pieza,0.42,84.0
GALV TORNILLO COCHE G2 NC 1/4X11/4,CO2SG0063032,,EL TORNILLO,0.44,1.0,Pieza,0.56,56.00000000000001
GALV TORNILLO ESTUFA CABEZA GOTA COMBINADA NC 1/8 X 2,,,EL TORNILLO,0.28,1.0,Pieza,0.72,72.0
GALV TORNILLO ESTUFA CABEZA GOTA NC 1/4X1,EBP2SG063025,,EL TORNILLO,0.34,1.0,Pieza,0.6599999999999999,65.99999999999999
GALV TORNILLO ESTUFA CABEZA GOTA NC 1/4X1/2,EBP2SG063013,,EL TORNILLO,0.23,0.5,Pieza,0.27,54.0
GALV TORNILLO ESTUFA CABEZA GOTA NC 1/4X11/4,EBP2SG063032,,EL TORNILLO,0.44,1.0,Pieza,0.56,56.00000000000001
GALV TORNILLO ESTUFA CABEZA GOTA NC 1/8X1,EBP2SG031025,,EL TORNILLO,0.1,0.5,Pieza,0.4,80.0
GALV TORNILLO ESTUFA CABEZA GOTA NC 1/8X11/2,EBP2SG031038,,EL TORNILLO,0.13,0.5,Pieza,0.37,74.0
GALV TORNILLO ESTUFA CABEZA GOTA NC 1/8X11/4,EBP2SG031032,,EL TORNILLO,0.12,0.5,Pieza,0.38,76.0
GALV TORNILLO ESTUFA CABEZA GOTA NC 3/16X1,EBP2SG047025,,EL TORNILLO,0.32,1.0,Pieza,0.6799999999999999,68.0
GALV TORNILLO ESTUFA CABEZA GOTA NC 3/16X1/2,EBP2SG047013,,EL TORNILLO,0.13,0.5,Pieza,0.37,74.0
GALV TORNILLO ESTUFA CABEZA GOTA NC 3/16X3/4,EBP2SG047019,,EL TORNILLO,0.15,0.5,Pieza,0.35,70.0
GALV TORNILLO ESTUFA CABEZA GOTA NC 5/32X2,06-001-5/32x2,,EL TORNILLO,0.23,1.0,Pieza,0.77,77.0
GALV TORNILLO ESTUFA CABEZA GOTA NC 532X1,EBP2SG039025,,EL TORNILLO,0.12,0.5,Pieza,0.38,76.0
GALV TORNILLO ESTUFA CABEZA GOTA NC 532X1/2,EBP2SG039013,,EL TORNILLO,0.1,0.5,Pieza,0.4,80.0
GALV TORNILLO ESTUFA CABEZA GOTA NC 532X11/4,EBP2SG039032,,EL TORNILLO,0.18,0.5,Pieza,0.32,64.0
GALV TORNILLO ESTUFA CABEZA GOTA NC 532X21/2,EBP2SG039064,,EL TORNILLO,0.3,1.0,Pieza,0.7,70.0
GALV TORNILLO ESTUFA CABEZA GOTA NC 532X3,EBP2SG039076,,EL TORNILLO,0.34,1.0,Pieza,0.6599999999999999,65.99999999999999
GALV TORNILLO ESTUFA CABEZA GOTA NC 532X3/4,EBP2SG039019,,EL TORNILLO,0.12,0.5,Pieza,0.38,76.0
GALV TORNILLO HEX G2 NC 1/4X1/2,HE2SG0063013,,EL TORNILLO,0.29,1.0,Pieza,0.71,71.0
GALVANIZADA ARMELLA ABIERTA 15X30,ARMABG015030,,EL TORNILLO,0.14,0.5,Pieza,0.36,72.0
GALVANIZADA ARMELLA ABIERTA 17X40,ARMABG017040,,EL TORNILLO,0.22,0.5,Pieza,0.28,56.00000000000001
GALVANIZADA ARMELLA ABIERTA 18X50,ARMABG018050,,EL TORNILLO,0.29,1.0,Pieza,0.71,71.0
GALVANIZADA ARMELLA ABIERTA 19X60,ARMABG019060,,EL TORNILLO,0.35,1.0,Pieza,0.65,65.0
GALVANIZADA ARMELLA CERRADA 15X30,ARC15X30,,EL TORNILLO,0.14,0.5,Pieza,0.36,72.0
GALVANIZADA ARMELLA CERRADA 17X40,ARMCEG017040,,EL TORNILLO,0.19,0.5,Pieza,0.31,62.0
GALVANIZADA ARMELLA CERRADA 18X50,ARMCEG018050,,EL TORNILLO,0.26,1.0,Pieza,0.74,74.0
GALVANIZADA ARMELLA CERRADA 19X60,ARMCEG019060,,EL TORNILLO,0.36,1.0,Pieza,0.64,64.0
GALVANIZADA ARMELLA CERRADA 20X70,ARMCEG020070,,EL TORNILLO,0.47,1.0,Pieza,0.53,53.0
GALVANIZADA RONDANA PRESION G2 NC 1/8,,,All,0.04,0.5,Pieza,0.46,92.0
GALVANIZADA RONDANA PRESION G2 NC 532,,,All,0.04,0.5,Pieza,0.46,92.0
GRAPA AISLADA CAJA CON 40 PZS # 3,,,All,0.4,1.0,Pieza,0.6,60.0
GRAPA CPVC 1/2 ANBEC,GCPVC12,7506069039706,ANBEC,0.0,1.0,Pieza,1.0,100.0
HILUX CHASIS CABINA,,,All,0.0,1.0,,1.0,100.0
J.R MANTENIMIENTO Y CONSTRUCCIÓN,,,All,0.0,1.0,,1.0,100.0
Juego de Arnes para tubo M 3”,,,All,0.0,0.0,Pieza,0.0,
Juego de Arnes para tubo M 4”,,,All,0.0,0.0,Pieza,0.0,
Kit de adaptadores para tubo 250 M 3”.,,,All,0.0,0.0,Pieza,0.0,
MANILLON,,,All,0.0,1.0,,1.0,100.0
MEZCLADORA LAVABO MONOMANDO 30CM,,,All,0.0,1.0,,1.0,100.0
MULTICONDUCTOR FLEXIBLE TW  60 600V 2X16,,,All,0.0,1.0,Pieza,1.0,100.0
NIPLE GALVANIZADO 25mmX1.5,,,LIMSA,0.0,0.0,Pieza,0.0,
PIJA CABEZA FIJADORA COMBINADA PUNTA AB GALVANIZADA 1/4x1/2,09-009-1/4X1/2,40042732700011,EL TORNILLO,0.32,1.0,Pieza,0.6799999999999999,68.0
PIJA CABEZA FIJADORA COMBINADA PUNTA AB GALVANIZADA 10x1,09-009-10X1,,EL TORNILLO,0.34,1.0,Pieza,0.6599999999999999,65.99999999999999
PIJA CABEZA FIJADORA COMBINADA PUNTA AB GALVANIZADA 10x1-1/2,09-009-10X1-1/2,,EL TORNILLO,0.36,1.0,Pieza,0.64,64.0
PIJA CABEZA FIJADORA COMBINADA PUNTA AB GALVANIZADA 10x1/2,09-009-10X1/2,,EL TORNILLO,0.15,0.5,Pieza,0.35,70.0
PIJA CABEZA FIJADORA COMBINADA PUNTA AB GALVANIZADA 10x3/4,09-009-10X3/4,,EL TORNILLO,0.22,0.5,Pieza,0.28,56.00000000000001
PIJA CABEZA FIJADORA COMBINADA PUNTA AB GALVANIZADA 12x1,09-009-12X1,,EL TORNILLO,0.38,1.0,Pieza,0.62,62.0
PIJA CABEZA FIJADORA COMBINADA PUNTA AB GALVANIZADA 12x1/2,09-009-12X1/2,,EL TORNILLO,0.31,1.0,Pieza,0.69,69.0
PIJA CABEZA FIJADORA COMBINADA PUNTA AB GALVANIZADA 12x3/4,09-009-12X3/4,,EL TORNILLO,0.34,1.0,Pieza,0.6599999999999999,65.99999999999999
PIJA CABEZA FIJADORA COMBINADA PUNTA AB GALVANIZADA 4x1,09-009-4X1,,EL TORNILLO,0.12,0.5,Pieza,0.38,76.0
PIJA CABEZA FIJADORA COMBINADA PUNTA AB GALVANIZADA 4x1/2,09-009-4X1/2,,EL TORNILLO,0.14,0.5,Pieza,0.36,72.0
PIJA CABEZA FIJADORA COMBINADA PUNTA AB GALVANIZADA 4x3/4,09-009-4X3/4,,EL TORNILLO,0.3,1.0,Pieza,0.7,70.0
PIJA CABEZA FIJADORA COMBINADA PUNTA AB GALVANIZADA 6X2-1/2,09-009-6X2-1/2,,EL TORNILLO,0.29,1.0,Pieza,0.71,71.0
PIJA CABEZA FIJADORA COMBINADA PUNTA AB GALVANIZADA 6X3,09-009-6X3,,EL TORNILLO,0.38,1.0,Pieza,0.62,62.0
PIJA CABEZA FIJADORA COMBINADA PUNTA AB GALVANIZADA 6x1,09-009-6X1,,EL TORNILLO,0.15,0.5,Pieza,0.35,70.0
PIJA CABEZA FIJADORA COMBINADA PUNTA AB GALVANIZADA 6x1-1/2,09-009-6X1-1/2,,EL TORNILLO,0.2,0.5,Pieza,0.3,60.0
PIJA CABEZA FIJADORA COMBINADA PUNTA AB GALVANIZADA 6x1-1/4,09-009-6X1-1/4,,EL TORNILLO,0.17,0.5,Pieza,0.3299999999999999,65.99999999999999
PIJA CABEZA FIJADORA COMBINADA PUNTA AB GALVANIZADA 6x1/2,09-009-6X1/2,,EL TORNILLO,0.14,0.5,Pieza,0.36,72.0
PIJA CABEZA FIJADORA COMBINADA PUNTA AB GALVANIZADA 6x2,09-009-6X2,,EL TORNILLO,0.24,1.0,Pieza,0.76,76.0
PIJA CABEZA FIJADORA COMBINADA PUNTA AB GALVANIZADA 6x3/4,09-009-6X3/4,,EL TORNILLO,0.14,0.5,Pieza,0.36,72.0
PIJA CABEZA FIJADORA COMBINADA PUNTA AB GALVANIZADA 8x1,09-009-8X1,,EL TORNILLO,0.3,0.5,Pieza,0.2,40.0
PIJA CABEZA FIJADORA COMBINADA PUNTA AB GALVANIZADA 8x1-1/2,09-009-8X1-1/2,,EL TORNILLO,0.27,1.0,Pieza,0.73,73.0
PIJA CABEZA FIJADORA COMBINADA PUNTA AB GALVANIZADA 8x1-1/4,09-009-8X1-1/4,,EL TORNILLO,0.28,0.5,Pieza,0.2199999999999999,43.99999999999999
PIJA CABEZA FIJADORA COMBINADA PUNTA AB GALVANIZADA 8x1/2,,,EL TORNILLO,0.15,0.5,Pieza,0.35,70.0
PIJA CABEZA FIJADORA COMBINADA PUNTA AB GALVANIZADA 8x2,09-009-8X2,,EL TORNILLO,0.33,1.0,Pieza,0.6699999999999999,67.0
PIJA CABEZA FIJADORA COMBINADA PUNTA AB GALVANIZADA 8x3/4,09-009-8X3/4,,EL TORNILLO,0.16,0.5,Pieza,0.3399999999999999,68.0
PIJA CABEZA HEXAGONAL PUNTA AB GALVANIZADA 1/4x3/4,09-016-1/4X3/4,,EL TORNILLO,0.48,1.0,Pieza,0.52,52.0
PIJA CABEZA HEXAGONAL PUNTA AB GALVANIZADA 10x1,09-016-10X1,,EL TORNILLO,0.39,1.0,Pieza,0.61,61.0
PIJA CABEZA HEXAGONAL PUNTA AB GALVANIZADA 10x1-1/4,09-016-10X1-1/4,,EL TORNILLO,0.47,1.0,Pieza,0.53,53.0
PIJA CABEZA HEXAGONAL PUNTA AB GALVANIZADA 10x1/2,09-016-10X1/2,,EL TORNILLO,0.29,1.0,Pieza,0.71,71.0
PIJA CABEZA HEXAGONAL PUNTA AB GALVANIZADA 10x3/4,09-016-10X3/4,,EL TORNILLO,0.3,1.0,Pieza,0.7,70.0
PIJA CABEZA HEXAGONAL PUNTA AB GALVANIZADA 10x5/8,09-016-10X5/8,,EL TORNILLO,0.42,1.0,Pieza,0.5800000000000001,58.00000000000001
PIJA CABEZA HEXAGONAL PUNTA AB GALVANIZADA 12x1/2,09-016-12X1/2,,EL TORNILLO,0.42,1.0,Pieza,0.5800000000000001,58.00000000000001
PIJA CABEZA HEXAGONAL PUNTA AB GALVANIZADA 6x1,09-016-6X1,,EL TORNILLO,0.18,0.5,Pieza,0.32,64.0
PIJA CABEZA HEXAGONAL PUNTA AB GALVANIZADA 6x1/2,09-016-6X1/2,,EL TORNILLO,0.19,0.5,Pieza,0.31,62.0
PIJA CABEZA HEXAGONAL PUNTA AB GALVANIZADA 6x3/4,09-016-6X3/4,,EL TORNILLO,0.21,0.5,Pieza,0.29,58.00000000000001
PIJA CABEZA HEXAGONAL PUNTA AB GALVANIZADA 8x1,09-016-8X1,,EL TORNILLO,0.25,1.0,Pieza,0.75,75.0
PIJA CABEZA HEXAGONAL PUNTA AB GALVANIZADA 8x1-1/2,09-016-8X1-1/2,,EL TORNILLO,0.44,1.0,Pieza,0.56,56.00000000000001
PIJA CABEZA HEXAGONAL PUNTA AB GALVANIZADA 8x1-1/4,09-016-8X1-1/4,,EL TORNILLO,0.32,1.0,Pieza,0.6799999999999999,68.0
PIJA CABEZA HEXAGONAL PUNTA AB GALVANIZADA 8x1/2,09-016-8X1/2,,EL TORNILLO,0.21,0.5,Pieza,0.29,58.00000000000001
PIJA CABEZA HEXAGONAL PUNTA AB GALVANIZADA 8x2,09-016-8X2,,EL TORNILLO,0.48,1.0,Pieza,0.52,52.0
PIJA CABEZA HEXAGONAL PUNTA AB GALVANIZADA 8x3/4,09-016-8X3/4,,EL TORNILLO,0.21,0.5,Pieza,0.29,58.00000000000001
PIJA CABEZA HEXAGONAL PUNTA AB GALVANIZADA 8x5/8,09-016-8X5/8,,EL TORNILLO,0.2,0.5,Pieza,0.3,60.0
PIJA CABEZA HEXAGONAL PUNTA DE BROCA GALVANIZADA 1/4x3/4,09-017-1/4X3/4,,EL TORNILLO,0.37,1.0,Pieza,0.63,63.0
PIJA CABEZA HEXAGONAL PUNTA DE BROCA GALVANIZADA 10x1,,,EL TORNILLO,0.28,0.36,Pieza,0.0799999999999999,22.22222222222221
PIJA CABEZA PLANA PHILLIPS PUNTA AB GALVANIZADA 10X11/2,09-023-10X1-1/2,,EL TORNILLO,0.31,1.0,Pieza,0.69,69.0
PIJA CABEZA PLANA PHILLIPS PUNTA AB GALVANIZADA 4X1/2,09-023-4x1/2,,EL TORNILLO,0.07,1.0,Pieza,0.93,93.0
PIJA CABEZA PLANA PHILLIPS PUNTA AB GALVANIZADA 6x1,,,EL TORNILLO,0.12,1.0,Pieza,0.88,88.0
PIJA CABEZA PLANA PHILLIPS PUNTA AB GALVANIZADA 6x3/4,,,EL TORNILLO,0.1,0.5,Pieza,0.4,80.0
PIJA CABEZA PLANA PHILLIPS PUNTA AB GALVANIZADA 6x5/8,,,EL TORNILLO,0.0,0.5,Pieza,0.5,100.0
PIJA CABEZA PLANA PHILLIPS PUNTA AB GALVANIZADA 8X1,09-023-8X1,,EL TORNILLO,0.17,0.5,Pieza,0.3299999999999999,65.99999999999999
PIJA CABEZA PLANA PHILLIPS PUNTA AB GALVANIZADA 8X1/2,09-023-8X1/2,,EL TORNILLO,0.11,0.5,Pieza,0.39,78.0
PIJA CABEZA PLANA PHILLIPS PUNTA AB GALVANIZADA 8X2,09-023-8X2,,EL TORNILLO,0.26,1.0,Pieza,0.74,74.0
PIJA CABEZA PLANA PHILLIPS PUNTA AB GALVANIZADA 8X3/4,09-023-8X3/4,,EL TORNILLO,0.15,0.5,Pieza,0.35,70.0
PIJA CABEZA PLANA PHILLIPS PUNTA AB GALVANIZADA 8X5/8,09-023-8x5/8,,EL TORNILLO,0.16,0.5,Pieza,0.3399999999999999,68.0
PIJA CABEZA PLANA PHILLIPS PUNTA AB GALVANIZADA 8x1-1/2,09-023-8x1-1/2,,EL TORNILLO,0.24,1.0,Pieza,0.76,76.0
PIJA CABEZA PLANA PHILLIPS PUNTA AB GALVANIZADA 8x1-1/4,09-023-8x1-1/4,,EL TORNILLO,0.22,0.5,Pieza,0.28,56.00000000000001
PIJA CABEZA PLANA PHILLIPS PUNTA AB GALVANIZADA 8x2-1/2,09-023-8X2-1/2,,EL TORNILLO,0.32,1.0,Pieza,0.6799999999999999,68.0
PIJA K-LATH PHILLIPS PUNTA DE BROCA 8X11/4,PKLPBG008032,,EL TORNILLO,0.26,0.5,Pieza,0.24,48.0
PIJA K-LATH PHILLIPS PUNTA DE BROCA GALVANIZADA 8X1,09-021-8X1,,EL TORNILLO,0.36,0.5,Pieza,0.14,28.000000000000004
PIJA K-LATH PHILLIPS PUNTA DE BROCA GALVANIZADA 8x1-1/2,09-021-8X1-1/2,,EL TORNILLO,0.26,0.5,Pieza,0.24,48.0
PIJA K-LATH PHILLIPS PUNTA DE BROCA GALVANIZADA 8x1/2,09-021-8x1/2,,EL TORNILLO,0.0,0.5,Pieza,0.5,100.0
PIJA K-LATH PHILLIPS PUNTA DE BROCA GALVANIZADA 8x2,09-021-8X2,,EL TORNILLO,0.39,1.0,Pieza,0.61,61.0
PIJA K-LATH PHILLIPS PUNTA DE BROCA GALVANIZADA 8x3/4,09-021-8X3/4,,EL TORNILLO,0.16,0.5,Pieza,0.3399999999999999,68.0
PIJA MULTIUSOS PARA MADERA COMBINADA CON NIBS NEGRA 8x1,09-003-8X1,,EL TORNILLO,0.13,0.5,Pieza,0.37,74.0
PIJA MULTIUSOS PARA MADERA COMBINADA CON NIBS NEGRA 8x1-1/2,09-003-8X1-1/2,,EL TORNILLO,0.31,1.0,Pieza,0.69,69.0
PIJA MULTIUSOS PARA MADERA COMBINADA CON NIBS NEGRA 8x1-3/4,09-003-8X1-3/4,,EL TORNILLO,0.34,1.0,Pieza,0.6599999999999999,65.99999999999999
PIJA MULTIUSOS PARA MADERA COMBINADA CON NIBS NEGRA 8x2,09-003-8X2,,EL TORNILLO,0.4,1.0,Pieza,0.6,60.0
PIJA MULTIUSOS PARA MADERA COMBINADA CON NIBS NEGRA 8x2-1/2,09-003-8X2-1/2,,EL TORNILLO,0.3,1.0,Pieza,0.7,70.0
PIJA MULTIUSOS PARA MADERA COMBINADA CON NIBS NEGRA 8x3,09-003-8X3,,EL TORNILLO,0.49,1.0,Pieza,0.51,51.0
PIJA MULTIUSOS PARA MADERA PHILLIPS CON NIBS NEGRA 8x1-1/4,09-002-8X1-1/4,,EL TORNILLO,0.16,0.5,Pieza,0.3399999999999999,68.0
PIJA MULTIUSOS PHILIPS NEG 14X2,PMPHSN356051,,EL TORNILLO,0.5,1.0,Pieza,0.5,50.0
PIJA MULTIUSOS PHILLIPS CON NIBS NEG 14X11/2,PMPNBN014038,,EL TORNILLO,0.45,1.0,Pieza,0.55,55.00000000000001
PIJA MULTIUSOS PHILLIPS GALVANIZADA 6x5/8,09-004-6X5/8,,EL TORNILLO,0.09,0.5,Pieza,0.41,82.0
PIJA MULTIUSOS PHILLIPS NEG 10X1,PMPHSN010025,,EL TORNILLO,0.14,0.5,Pieza,0.36,72.0
PIJA MULTIUSOS PHILLIPS NEG 10X11/2,PMPHSN010038,,EL TORNILLO,0.2,1.0,Pieza,0.8,80.0
PIJA MULTIUSOS PHILLIPS NEG 10X11/4,PMPHSN010032,,EL TORNILLO,0.21,1.0,Pieza,0.79,79.0
PIJA MULTIUSOS PHILLIPS NEG 10X3,PMPHSN010076,,EL TORNILLO,0.4,1.0,Pieza,0.6,60.0
PIJA MULTIUSOS PHILLIPS NEG 12X2,PMPHSN305051,,EL TORNILLO,0.42,1.0,Pieza,0.5800000000000001,58.00000000000001
PIJA MULTIUSOS PHILLIPS NEG 6X1,PMPHSN006025,,EL TORNILLO,0.09,1.0,Pieza,0.91,91.0
PIJA MULTIUSOS PHILLIPS NEG 6X1/2,PMPHSN006013,,EL TORNILLO,0.06,0.5,Pieza,0.44,88.0
PIJA MULTIUSOS PHILLIPS NEG 6X11/2,PMPHSN006038,,EL TORNILLO,0.12,0.5,Pieza,0.38,76.0
PIJA MULTIUSOS PHILLIPS NEG 6X11/4,PMPHSN006032,,EL TORNILLO,0.1,0.5,Pieza,0.4,80.0
PIJA MULTIUSOS PHILLIPS NEG 6X2,PMPHSN006051,,EL TORNILLO,0.16,0.5,Pieza,0.3399999999999999,68.0
PIJA MULTIUSOS PHILLIPS NEG 6X3/4,PMPHSN006019,,EL TORNILLO,0.07,0.5,Pieza,0.43,86.0
PIJA MULTIUSOS PHILLIPS NEG 8X1/2,PMPHSN008013,,EL TORNILLO,0.08,0.5,Pieza,0.42,84.0
PIJA MULTIUSOS PHILLIPS NEG 8X21/2,PMPHSN008064,,EL TORNILLO,0.25,0.5,Pieza,0.25,50.0
PIJA MULTIUSOS PHILLIPS NEG 8X3/4,PMPHSN008019,,EL TORNILLO,0.09,0.5,Pieza,0.41,82.0
PIJA MULTIUSOS PHILLIPS NEGRA 10x1,09-001-10X1,,EL TORNILLO,0.19,0.5,Pieza,0.31,62.0
PIJA MULTIUSOS PHILLIPS NEGRA 10x1-1/2,09-001-10X1-1/2,,EL TORNILLO,0.25,1.0,Pieza,0.75,75.0
PIJA MULTIUSOS PHILLIPS NEGRA 10x1-1/4,09-001-10X1-1/4,,EL TORNILLO,0.22,0.5,Pieza,0.28,56.00000000000001
PIJA MULTIUSOS PHILLIPS NEGRA 10x3,09-001-10X3,,EL TORNILLO,0.5700000000000001,1.0,Pieza,0.4299999999999999,42.99999999999999
PIJA MULTIUSOS PHILLIPS NEGRA 10x3/4,09-001-10X3/4,,EL TORNILLO,0.16,0.5,Pieza,0.3399999999999999,68.0
PIJA MULTIUSOS PHILLIPS NEGRA 12x1-1/4,09-001-12X1-1/4,,EL TORNILLO,0.46,1.0,Pieza,0.54,54.0
PIJA MULTIUSOS PHILLIPS NEGRA 6x1,09-001-6X1,,EL TORNILLO,0.12,0.5,Pieza,0.38,76.0
PIJA MULTIUSOS PHILLIPS NEGRA 6x1-1/2,09-001-6X1-1/2,,EL TORNILLO,0.19,0.5,Pieza,0.31,62.0
PIJA MULTIUSOS PHILLIPS NEGRA 6x1-1/4,09-001-6X1-1/4,,EL TORNILLO,0.14,1.0,Pieza,0.86,86.0
PIJA MULTIUSOS PHILLIPS NEGRA 6x1-3/4,09-001-6X1-3/4,,EL TORNILLO,0.24,1.0,Pieza,0.76,76.0
PIJA MULTIUSOS PHILLIPS NEGRA 6x1-5/8,09-001-6X1-5/8,,EL TORNILLO,0.29,1.0,Pieza,0.71,71.0
PIJA MULTIUSOS PHILLIPS NEGRA 6x1/2,09-001-6X1/2,,EL TORNILLO,0.06,0.5,Pieza,0.44,88.0
PIJA MULTIUSOS PHILLIPS NEGRA 6x2,09-001-6X2,,EL TORNILLO,0.26,1.0,Pieza,0.74,74.0
PIJA MULTIUSOS PHILLIPS NEGRA 6x3/4,09-001-6X3/4,,EL TORNILLO,0.08,0.5,Pieza,0.42,84.0
PIJA MULTIUSOS PHILLIPS NEGRA 6x5/8,09-001-6X5/8,,EL TORNILLO,0.09,0.5,Pieza,0.41,82.0
PIJA MULTIUSOS PHILLIPS NEGRA 8X1,09-001-8X1,,EL TORNILLO,0.11,0.5,Pieza,0.39,78.0
PIJA MULTIUSOS PHILLIPS NEGRA 8X1-1/2,09-001-8X1-1/2,,EL TORNILLO,0.19,1.0,Pieza,0.81,81.0
PIJA MULTIUSOS PHILLIPS NEGRA 8X3,09-001-8X3,,EL TORNILLO,0.31,1.0,Pieza,0.69,69.0
PIJA MULTIUSOS PHILLIPS NEGRA 8x1-1/4,09-001-8X1-1/4,,EL TORNILLO,0.16,0.5,Pieza,0.3399999999999999,68.0
PIJA MULTIUSOS PHILLIPS NEGRA 8x1-3/4,09-001-8X1-3/4,,EL TORNILLO,0.29,1.0,Pieza,0.71,71.0
PIJA MULTIUSOS PHILLIPS NEGRA 8x2,09-001-8X2,,EL TORNILLO,0.27,1.0,Pieza,0.73,73.0
PIJA MULTIUSOS PHILLIPS NEGRA 8x2-1/2,09-001-8X2-1/2,,EL TORNILLO,0.33,1.0,Pieza,0.6699999999999999,67.0
PIJA MULTIUSOS PHILLIPS NEGRA 8x3/4,09-001-8X3/4,,EL TORNILLO,0.11,0.5,Pieza,0.39,78.0
PIJA MULTIUSOS PHILLIPS NEGRA 8x5/8,09-001-8X5/8,,EL TORNILLO,0.11,0.5,Pieza,0.39,78.0
POLIFLEX NARANJA LIGERO 3/4 SIN GUIA (ROLLO 50M),,,All,0.0,1.0,Pieza,1.0,100.0
PROTECTO BOND CUBETA adhesivo para concreto 19 lts.,,,All,0.0,1.0,Pieza,1.0,100.0
"Prensa mini de hierro nodular de 50 mm 2"" Nodular Iron mini C-Clamp",,,Truper,0.0,1.0,,1.0,100.0
REMACHE DE CLAVO POP DE ALUMINIO AS410 1/8x5/8,19-001-410,,EL TORNILLO,0.38,1.0,Pieza,0.62,62.0
REMACHE DE CLAVO POP DE ALUMINIO AS44 1/8x1/4 L0.375,19-001-44,,EL TORNILLO,0.19,1.0,Pieza,0.81,81.0
REMACHE DE CLAVO POP DE ALUMINIO AS48 1/8x1/2 L0.625,19-001-48,,EL TORNILLO,0.25,1.0,Pieza,0.75,75.0
REMACHE DE CLAVO POP DE ALUMINIO AS56 5/32x3/8 L0.515,19-001-56,,EL TORNILLO,0.43,1.0,Pieza,0.5700000000000001,57.00000000000001
REMACHE DE CLAVO POP DE ALUMINIO AS58 5/32x1/2 L0.640,19-001-58,,EL TORNILLO,0.47,1.0,Pieza,0.53,53.0
RONDANA DE PRESION NC GALVANIZADA 1/2,03-013-1/2,,EL TORNILLO,0.5,1.0,Pieza,0.5,50.0
RONDANA DE PRESION NC GALVANIZADA 1/4,03-013-1/4,,EL TORNILLO,0.09,0.5,Pieza,0.41,82.0
RONDANA DE PRESION NC GALVANIZADA 3/16,,,All,0.09,0.5,Pieza,0.41,82.0
RONDANA DE PRESION NC GALVANIZADA 3/8,03-013-3/8,,EL TORNILLO,0.22,0.5,Pieza,0.28,56.00000000000001
RONDANA DE PRESION NC GALVANIZADA 5/16,03-013-5/16,,EL TORNILLO,0.16,0.5,Pieza,0.3399999999999999,68.0
RONDANA DE PRESION NC GALVANIZADA 7/16,03-013-7/16,,EL TORNILLO,0.31,1.0,Pieza,0.69,69.0
RONDANA PLANA G2 NC GALVANIZADA 1/4,03-002-1/4,,EL TORNILLO,0.19,0.5,Pieza,0.31,62.0
RONDANA PLANA G2 NC GALVANIZADA 1/8,03-002-1/8,,EL TORNILLO,0.09,0.5,Pieza,0.41,82.0
RONDANA PLANA G2 NC GALVANIZADA 3/16,03-002-3/16,,EL TORNILLO,0.19,0.5,Pieza,0.31,62.0
RONDANA PLANA G2 NC GALVANIZADA 5/32,03-002-5/32,,EL TORNILLO,0.11,0.5,Pieza,0.39,78.0
RONDANA PLANA G2 NC TROPICALIZADA 1/4,,,All,0.0,1.0,Pieza,1.0,100.0
RONDANA PLANA NEGRA MILIMÉTRICA 10,03-007-10,,EL TORNILLO,0.42,1.0,Pieza,0.5800000000000001,58.00000000000001
RONDANA PLANA NEGRA MILIMÉTRICA 8,03-007-8,,EL TORNILLO,0.2,0.5,Pieza,0.3,60.0
RONDANA PRESION NC NEGRA 1/2,,,All,0.29,1.0,Pieza,0.71,71.0
RONDANA PRESION NC NEGRA 1/4,,,All,0.02,0.5,Pieza,0.48,96.0
RONDANA PRESION NC NEGRA 1/8,,,All,0.02,0.5,Pieza,0.48,96.0
RONDANA PRESION NC NEGRA 3/16,,,All,0.02,0.5,Pieza,0.48,96.0
RONDANA PRESION NC NEGRA 3/8,,,All,0.13,0.5,Pieza,0.37,74.0
RONDANA PRESION NC NEGRA 5/16,,,All,0.08,0.5,Pieza,0.42,84.0
RONDANA PRESION NC NEGRA 532,,,All,0.02,0.5,Pieza,0.48,96.0
RONDANA PRESION NC NEGRA 7/16,,,All,0.21,0.5,Pieza,0.29,58.00000000000001
"Rafia color blanco, calibre 2.2 g/m, 1 m",,,Fiero,0.0,1.0,Pieza,1.0,100.0
"Repuesto para fusible de 30 A, Volteck, caja con 50 pzas",REP-FUS30,7501206664902,Volteck,0.35,1.0,Pieza,0.65,65.0
SERVICIO DE GRAVA,,,General,0.0,1.0,Unidad de servicio,1.0,100.0
SOLERA DE ACERO,,,All,0.0,1.0,,1.0,100.0
TAQUETE DE PLASTICO ANKER GRIS 1/4,10-001-1/4,,EL TORNILLO,0.42,1.0,Pieza,0.5800000000000001,58.00000000000001
TAQUETE DE PLASTICO ELPRO 1/4,10-003-1/4,,EL TORNILLO,0.4,1.0,Pieza,0.6,60.0
TAQUETE DE PLASTICO TIPO ANKER GRIS 3/16,10-001-3/16,,EL TORNILLO,0.34,1.0,Pieza,0.6599999999999999,65.99999999999999
TAQUETE PLASTICO ANKER GRIS LARGO1/4X11/2,TAQPLANKL063,,EL TORNILLO,0.18,1.0,Pieza,0.8200000000000001,82.0
TAQUETE PLASTICO TIPO ANKER GRIS 5/16,10-001-5/16,,EL TORNILLO,0.53,1.0,Pieza,0.47,47.0
TOPE 12 INOX,,,All,0.0,1.0,,1.0,100.0
TOR TUERCA SEG. INS. NYLON GALV. STD. 7/16 PZA,5305,,ABRAMEX,0.85,1.0,Pieza,0.15,15.000000000000002
TORNILLO ALLEN CABEZA PLANA MM PAV 3X10,APLMP0003010,,EL TORNILLO,0.35,1.0,Pieza,0.65,65.0
TORNILLO ALLEN CABEZA PLANA MM PAV 3X12,APLMP0003012,,EL TORNILLO,0.4,1.0,Pieza,0.6,60.0
TORNILLO ALLEN CABEZA PLANA MM PAV 3X16,APLMP0003016,,EL TORNILLO,0.22,0.5,Pieza,0.28,56.00000000000001
TORNILLO ALLEN CABEZA PLANA MM PAV 3X6,APLMP0003006,,EL TORNILLO,0.37,1.0,Pieza,0.63,63.0
TORNILLO ALLEN CABEZA PLANA MM PAV 3X8,APLMP0003008,,EL TORNILLO,0.38,1.0,Pieza,0.62,62.0
TORNILLO ALLEN CABEZA PLANA MM PAV 4X10,APLMP0004010,,EL TORNILLO,0.3,1.0,Pieza,0.7,70.0
TORNILLO ALLEN CABEZA PLANA MM PAV 4X12,APLMP0004012,,EL TORNILLO,0.36,1.0,Pieza,0.64,64.0
TORNILLO ALLEN CABEZA PLANA MM PAV 4X16,APLMP0004016,,EL TORNILLO,0.38,1.0,Pieza,0.62,62.0
TORNILLO ALLEN CABEZA PLANA MM PAV 4X20,APLMP0004020,,EL TORNILLO,0.44,1.0,Pieza,0.56,56.00000000000001
TORNILLO ALLEN CABEZA PLANA MM PAV 4X8,APLMP0004008,,EL TORNILLO,0.34,1.0,Pieza,0.6599999999999999,65.99999999999999
TORNILLO ALLEN CABEZA PLANA MM PAV 5X10,APLMP0005010,,EL TORNILLO,0.27,1.0,Pieza,0.73,73.0
TORNILLO ALLEN CABEZA PLANA MM PAV 5X12,APLMP0005012,,EL TORNILLO,0.32,1.0,Pieza,0.6799999999999999,68.0
TORNILLO ALLEN CABEZA PLANA MM PAV 5X16,APLMP0005016,,EL TORNILLO,0.32,1.0,Pieza,0.6799999999999999,68.0
TORNILLO ALLEN CABEZA PLANA MM PAV 5X20,APLMP0005020,,EL TORNILLO,0.39,1.0,Pieza,0.61,61.0
TORNILLO ALLEN CABEZA PLANA MM PAV 5X25,APLMP0005025,,EL TORNILLO,0.43,1.0,Pieza,0.5700000000000001,57.00000000000001
TORNILLO ALLEN CABEZA PLANA MM PAV 5X8,APLMP0005008,,EL TORNILLO,0.44,1.0,Pieza,0.56,56.00000000000001
TORNILLO ALLEN CABEZA PLANA MM PAV 6X10,APLMP0006010,,EL TORNILLO,0.3,1.0,Pieza,0.7,70.0
TORNILLO ALLEN CABEZA PLANA MM PAV 6X12,APLMP0006012,,EL TORNILLO,0.3,1.0,Pieza,0.7,70.0
TORNILLO ALLEN CABEZA PLANA MM PAV 6X16,APLMP0006016,,EL TORNILLO,0.34,1.0,Pieza,0.6599999999999999,65.99999999999999
TORNILLO ALLEN CABEZA PLANA MM PAV 6X20,APLMP0006020,,EL TORNILLO,0.38,1.0,Pieza,0.62,62.0
TORNILLO ALLEN CABEZA PLANA NC PAV 1/4X1/2,APLSP0063013,,EL TORNILLO,0.44,1.0,Pieza,0.56,56.00000000000001
TORNILLO ALLEN CABEZA PLANA NC PAV 3/16X1/2,APLSP0047013,,EL TORNILLO,0.37,1.0,Pieza,0.63,63.0
TORNILLO ALLEN CABEZA PLANA NC PAV 3/16X3/4,APLSP0047019,,EL TORNILLO,0.47,1.0,Pieza,0.53,53.0
TORNILLO ALLEN CABEZA PLANA NC PAV 832X1/2,APLSP0039013,,EL TORNILLO,0.42,1.0,Pieza,0.5800000000000001,58.00000000000001
TORNILLO ALLEN CABEZA PLANA NC PAV 832X3/4,APLSP0039019,,EL TORNILLO,0.48,1.0,Pieza,0.52,52.0
TORNILLO ALLEN CABEZA PLANA NC PAV 832X3/8,APLSP0039009,,EL TORNILLO,0.29,1.0,Pieza,0.71,71.0
TORNILLO ALLEN CABEZA PLANA NC PAV 832X5/8,APLSP0039016,,EL TORNILLO,0.43,1.0,Pieza,0.5700000000000001,57.00000000000001
TORNILLO ALLEN CILINDRICO G12.9 MM PAV 4X16,ACIMP0004016,,EL TORNILLO,0.31,1.0,Pieza,0.69,69.0
TORNILLO ALLEN CILINDRICO G12.9 MM PAV 5X8,ACIMP0005008,,EL TORNILLO,0.48,1.0,Pieza,0.52,52.0
TORNILLO ALLEN CILINDRICO MM PAV 3X10,ACIMP0003010,,EL TORNILLO,0.25,0.5,Pieza,0.25,50.0
TORNILLO ALLEN CILINDRICO MM PAV 3X12,ACIMP0003012,,EL TORNILLO,0.36,1.0,Pieza,0.64,64.0
TORNILLO ALLEN CILINDRICO MM PAV 3X16,ACIMP0003016,,EL TORNILLO,0.36,1.0,Pieza,0.64,64.0
TORNILLO ALLEN CILINDRICO MM PAV 3X6,ACIMP0003006,,EL TORNILLO,0.47,1.0,Pieza,0.53,53.0
TORNILLO ALLEN CILINDRICO MM PAV 3X8,ACIMP0003008,,EL TORNILLO,0.43,1.0,Pieza,0.5700000000000001,57.00000000000001
TORNILLO ALLEN CILINDRICO MM PAV 4X10,ACIMP0004010,,EL TORNILLO,0.27,1.0,Pieza,0.73,73.0
TORNILLO ALLEN CILINDRICO MM PAV 4X12,ACIMP0004012,,EL TORNILLO,0.29,1.0,Pieza,0.71,71.0
TORNILLO ALLEN CILINDRICO MM PAV 4X20,ACIMP0004020,,EL TORNILLO,0.35,1.0,Pieza,0.65,65.0
TORNILLO ALLEN CILINDRICO MM PAV 4X25,ACIMP0004025,,EL TORNILLO,0.41,1.0,Pieza,0.5900000000000001,59.00000000000001
TORNILLO ALLEN CILINDRICO MM PAV 4X6,ACIMP0004006,,EL TORNILLO,0.47,1.0,Pieza,0.53,53.0
TORNILLO ALLEN CILINDRICO MM PAV 4X8,ACIMP0004008,,EL TORNILLO,0.41,1.0,Pieza,0.5900000000000001,59.00000000000001
TORNILLO ALLEN CILINDRICO MM PAV 5X10,ACIMP0005010,,EL TORNILLO,0.32,1.0,Pieza,0.6799999999999999,68.0
TORNILLO ALLEN CILINDRICO MM PAV 5X12,ACIMP0005012,,EL TORNILLO,0.32,1.0,Pieza,0.6799999999999999,68.0
TORNILLO ALLEN CILINDRICO MM PAV 5X16,ACIMP0005016,,EL TORNILLO,0.4,1.0,Pieza,0.6,60.0
TORNILLO ALLEN CILINDRICO MM PAV 5X20,ACIMP0005020,,EL TORNILLO,0.46,1.0,Pieza,0.54,54.0
TORNILLO ALLEN CILINDRICO MM PAV 5X25,ACIMP0005025,,EL TORNILLO,0.48,1.0,Pieza,0.52,52.0
TORNILLO ALLEN CILINDRICO MM PAV 6X10,ACIMP0006010,,EL TORNILLO,0.41,1.0,Pieza,0.5900000000000001,59.00000000000001
TORNILLO ALLEN CILINDRICO MM PAV 6X12,ACIMP0006012,,EL TORNILLO,0.43,1.0,Pieza,0.5700000000000001,57.00000000000001
TORNILLO ALLEN CILINDRICO MM PAV 6X16,ACIMP0006016,,EL TORNILLO,0.45,1.0,Pieza,0.55,55.00000000000001
TORNILLO ALLEN CILINDRICO NC PAV 10-24X1,ACISP0047025,,EL TORNILLO,0.44,1.0,Pieza,0.56,56.00000000000001
TORNILLO ALLEN CILINDRICO NC PAV 3/16X3/4,ACISP0047019,,EL TORNILLO,0.37,1.0,Pieza,0.63,63.0
TORNILLO CABEZA QUESO RANURADO MM GALVANIZADO 5x8,25-001-5X8,,EL TORNILLO,0.43,1.0,Pieza,0.5700000000000001,57.00000000000001
TORNILLO COCHE G2 NC NEG 1/4X1,CO2SN0063025,,EL TORNILLO,0.37,1.0,Pieza,0.63,63.0
TORNILLO COCHE G2 NC NEG 1/4X11/2,CO2SN0063038,,EL TORNILLO,0.48,1.0,Pieza,0.52,52.0
TORNILLO COCHE G2 NC NEG 1/4X11/4,CO2SN0063032,,EL TORNILLO,0.41,1.0,Pieza,0.5900000000000001,59.00000000000001
"TORNILLO ESTANDAR 1""",,,All,0.0,0.37,Pieza,0.37,100.0
"TORNILLO ESTANDAR 1-5/8""",,,All,0.0,0.45,Pieza,0.45,100.0
TORNILLO ESTUFA CABEZA GOTA COMBINADA NC GALVANIZADO 1/4x3/4,EBP2SG063019,,EL TORNILLO,0.46,1.0,Pieza,0.54,54.0
TORNILLO ESTUFA CABEZA GOTA COMBINADA NC GALVANIZADO 1/8X3/4,06-001-1-1/8X3/4,,EL TORNILLO,0.1,0.5,Pieza,0.4,80.0
TORNILLO ESTUFA CABEZA GOTA COMBINADA NC GALVANIZADO 1/8x1/2,06-001-1/8X1/2,,EL TORNILLO,0.09,0.5,Pieza,0.41,82.0
TORNILLO ESTUFA CABEZA GOTA COMBINADA NC GALVANIZADO 3/16x1,06-001-3/16X1,,EL TORNILLO,0.31,1.0,Pieza,0.69,69.0
TORNILLO ESTUFA CABEZA GOTA COMBINADA NC GALVANIZADO 3/16x1-1/4,06-001-3/16X1-1/4,,EL TORNILLO,0.36,1.0,Pieza,0.64,64.0
TORNILLO ESTUFA CABEZA GOTA COMBINADA NC GALVANIZADO 5/32X1-1/2,06-001-5/32X1-1/2,,EL TORNILLO,0.26,1.0,Pieza,0.74,74.0
TORNILLO ESTUFA CABEZA GOTA COMBINADA NC GALVANIZADO 5/32x1,06-001-5/32X1,,EL TORNILLO,0.21,0.5,Pieza,0.29,58.00000000000001
TORNILLO ESTUFA CABEZA GOTA RANURADO NC NATURAL 1/8 X 2,,,EL TORNILLO,0.4,1.0,Pieza,0.6,60.0
TORNILLO ESTUFA CABEZA GOTA RANURADO NC NEG 1/4X1,EBR2SN063025,,EL TORNILLO,0.37,1.0,Pieza,0.63,63.0
TORNILLO ESTUFA CABEZA GOTA RANURADO NC NEG 1/4X1/2,EBR2SN063013,,EL TORNILLO,0.25,1.0,Pieza,0.75,75.0
TORNILLO ESTUFA CABEZA GOTA RANURADO NC NEG 1/4X3/4,EBR2SN063019,,EL TORNILLO,0.31,1.0,Pieza,0.69,69.0
TORNILLO ESTUFA CABEZA GOTA RANURADO NC NEG 1/8X1,EBR2SN031025,,EL TORNILLO,0.16,0.5,Pieza,0.3399999999999999,68.0
TORNILLO ESTUFA CABEZA GOTA RANURADO NC NEG 1/8X1/2,EBR2SN031013,,EL TORNILLO,0.1,0.5,Pieza,0.4,80.0
TORNILLO ESTUFA CABEZA GOTA RANURADO NC NEG 1/8X11/2,EBR2SN031038,,EL TORNILLO,0.22,0.5,Pieza,0.28,56.00000000000001
TORNILLO ESTUFA CABEZA GOTA RANURADO NC NEG 1/8X11/4,EBR2SN031032,,EL TORNILLO,0.11,0.5,Pieza,0.39,78.0
TORNILLO ESTUFA CABEZA GOTA RANURADO NC NEG 1/8X3/4,EBR2SN031019,,EL TORNILLO,0.11,0.5,Pieza,0.39,78.0
TORNILLO ESTUFA CABEZA GOTA RANURADO NC NEG 3/16X1/2,EBR2SN047013,,EL TORNILLO,0.14,0.5,Pieza,0.36,72.0
TORNILLO ESTUFA CABEZA GOTA RANURADO NC NEG 3/16X11/2,EBR2SN047038,,EL TORNILLO,0.61,1.0,Pieza,0.39,39.0
TORNILLO ESTUFA CABEZA GOTA RANURADO NC NEG 3/16X11/4,EBR2SN047032,,EL TORNILLO,0.25,0.5,Pieza,0.25,50.0
TORNILLO ESTUFA CABEZA GOTA RANURADO NC NEG 3/16X2,EBR2SN047051,,EL TORNILLO,0.48,1.0,Pieza,0.52,52.0
TORNILLO ESTUFA CABEZA GOTA RANURADO NC NEG 532X1,EBR2SN039025,,EL TORNILLO,0.17,0.5,Pieza,0.3299999999999999,65.99999999999999
TORNILLO ESTUFA CABEZA GOTA RANURADO NC NEG 532X1/2,EBR2SN039013,,EL TORNILLO,0.14,0.5,Pieza,0.36,72.0
TORNILLO ESTUFA CABEZA GOTA RANURADO NC NEG 532X11/2,EBR2SN039038,,EL TORNILLO,0.22,0.5,Pieza,0.28,56.00000000000001
TORNILLO ESTUFA CABEZA GOTA RANURADO NC NEG 532X11/4,EBR2SN039032,,EL TORNILLO,0.19,0.5,Pieza,0.31,62.0
TORNILLO ESTUFA CABEZA GOTA RANURADO NC NEG 532X2,EBR2SN039051,,EL TORNILLO,0.4,1.0,Pieza,0.6,60.0
TORNILLO ESTUFA CABEZA GOTA RANURADO NC NEG 532X3,EBR2SN039076,,EL TORNILLO,0.42,1.0,Pieza,0.5800000000000001,58.00000000000001
TORNILLO ESTUFA CABEZA GOTA RANURADO NC NEG 532X3/4,EBR2SN039019,,EL TORNILLO,0.14,0.5,Pieza,0.36,72.0
TORNILLO ESTUFA CABEZA PLANA RANURADA NC GALVANIZADO 3/16x3/4,06-007-3/16X3/4,,EL TORNILLO,0.33,1.0,Pieza,0.6699999999999999,67.0
TORNILLO HEX G2 NC NEG 1/4X1,HE2SN0063025,,EL TORNILLO,0.32,1.0,Pieza,0.6799999999999999,68.0
TORNILLO HEX G2 NC NEG 1/4X1/2,HE2SN0063013,,EL TORNILLO,0.27,1.0,Pieza,0.73,73.0
TORNILLO HEX G2 NC NEG 1/4X11/2,HE2SN0063038,,EL TORNILLO,0.42,1.0,Pieza,0.5800000000000001,58.00000000000001
TORNILLO HEX G2 NC NEG 1/4X11/4,HE2SN0063032,,EL TORNILLO,0.4,1.0,Pieza,0.6,60.0
TORNILLO HEX G2 NC NEG 1/4X3/4,HE2SN0063019,,EL TORNILLO,0.29,1.0,Pieza,0.71,71.0
TORNILLO HEX G2 NC NEG 5/16X3/4,HE2SN0079019,,EL TORNILLO,0.48,1.0,Pieza,0.52,52.0
TORNILLO HEX G5 NC PAV 1/4X1,HE5SP0063025,,EL TORNILLO,0.42,1.0,Pieza,0.5800000000000001,58.00000000000001
TORNILLO HEX G5 NC PAV 1/4X1/2,HE5SP0063013,,EL TORNILLO,0.27,1.0,Pieza,0.73,73.0
TORNILLO HEX G5 NC PAV 1/4X3/4,HE5SP0063019,,EL TORNILLO,0.34,1.0,Pieza,0.6599999999999999,65.99999999999999
TORNILLO HEX G5 NF PAV 1/4X1/2,HE5FP0063013,,EL TORNILLO,0.33,1.0,Pieza,0.6699999999999999,67.0
TORNILLO HEX G5 NF PAV 1/4X3/4,HE5FP0063019,,EL TORNILLO,0.44,1.0,Pieza,0.56,56.00000000000001
TORNILLO HEX G8.8 NC PAV 3X10,HE5MP0003010,,EL TORNILLO,0.43,1.0,Pieza,0.5700000000000001,57.00000000000001
TORNILLO HEX G8.8 NC PAV 3X12,HE5MP0003012,,EL TORNILLO,0.48,1.0,Pieza,0.52,52.0
TORNILLO HEX G8.8 NC PAV 3X6,HE5MP0003006,,EL TORNILLO,0.46,1.0,Pieza,0.54,54.0
TORNILLO HEX G8.8 NC PAV 3X8,HE5MP0003008,,EL TORNILLO,0.47,1.0,Pieza,0.53,53.0
TORNILLO HEX G8.8 NC PAV 4X10,HE5MP0004010,,EL TORNILLO,0.26,1.0,Pieza,0.74,74.0
TORNILLO HEX G8.8 NC PAV 4X12,HE5MP0004012,,EL TORNILLO,0.29,1.0,Pieza,0.71,71.0
TORNILLO HEX G8.8 NC PAV 4X16,01-023-4X16,,EL TORNILLO,0.34,1.0,Pieza,0.6599999999999999,65.99999999999999
TORNILLO HEX G8.8 NC PAV 4X20,HE5MP0004020,,EL TORNILLO,0.34,1.0,Pieza,0.6599999999999999,65.99999999999999
TORNILLO HEX G8.8 NC PAV 4X25,HE5MP0004025,,EL TORNILLO,0.38,1.0,Pieza,0.62,62.0
TORNILLO HEX G8.8 NC PAV 4X30,HE5MP0004030,,EL TORNILLO,0.43,1.0,Pieza,0.5700000000000001,57.00000000000001
TORNILLO HEX G8.8 NC PAV 4X35,HE5MP0004035,,EL TORNILLO,0.49,1.0,Pieza,0.51,51.0
TORNILLO HEX G8.8 NC PAV 4X8,HE5MP0004008,,EL TORNILLO,0.28,1.0,Pieza,0.72,72.0
TORNILLO HEX G8.8 NC PAV 5X10,HE5MP0005010,,EL TORNILLO,0.26,1.0,Pieza,0.74,74.0
TORNILLO HEX G8.8 NC PAV 5X12,HE5MP0005012,,EL TORNILLO,0.27,1.0,Pieza,0.73,73.0
TORNILLO HEX G8.8 NC PAV 5X16,HE5MP0005016,,EL TORNILLO,0.3,1.0,Pieza,0.7,70.0
TORNILLO HEX G8.8 NC PAV 5X20,HE5MP0005020,,EL TORNILLO,0.34,1.0,Pieza,0.6599999999999999,65.99999999999999
TORNILLO HEX G8.8 NC PAV 5X25,HE5MP0005025,,EL TORNILLO,0.39,1.0,Pieza,0.61,61.0
TORNILLO HEX G8.8 NC PAV 5X30,HE5MP0005030,,EL TORNILLO,0.47,1.0,Pieza,0.53,53.0
TORNILLO HEX G8.8 NC PAV 5X8,HE5MP0005008,,EL TORNILLO,0.29,1.0,Pieza,0.71,71.0
TORNILLO HEX G8.8 NC PAV 6X10,HE5MP006010,,EL TORNILLO,0.35,1.0,Pieza,0.65,65.0
TORNILLO HEX G8.8 NC PAV 6X20,HE5MP0006020,,EL TORNILLO,0.35,1.0,Pieza,0.65,65.0
TORNILLO HEX G8.8 NC PAV 6X25,HE5MP0006025,,EL TORNILLO,0.4,1.0,Pieza,0.6,60.0
TORNILLO HEX G8.8 NC PAV 6X30,HE5MP0006030,,EL TORNILLO,0.48,1.0,Pieza,0.52,52.0
TORNILLO HEX G8.8 NC PAV 6X35,HE5MP0006035,,EL TORNILLO,0.49,1.0,Pieza,0.51,51.0
TORNILLO HEXAGONAL 8.8 MM CUERDA CORRIDA P1.00 PAVONADO 6x12,01-023-6X12,,EL TORNILLO,0.44,1.0,Pieza,0.56,56.00000000000001
TORNILLO HEXAGONAL 8.8 MM CUERDA CORRIDA P1.00 PAVONADO 6x25,01-023-6X25,,EL TORNILLO,0.51,1.0,Pieza,0.49,49.0
TORNILLO HEXAGONAL 8.8MM CUERDA CORRIDA P1.00 PAVONADO 6X16,01-023-6X16,,EL TORNILLO,0.48,1.0,Pieza,0.52,52.0
TORNILLO HEXAGONAL G2 NC CUERDA CORRIDA 20H GALVANIZADO 1/4x3/4,01-003-1/4X3/4,,EL TORNILLO,0.51,1.0,Pieza,0.49,49.0
TORNILLO MINIPIJA NEGRA,,,All,0.0,0.37,Pieza,0.37,100.0
TUBING URETANO OD 6MM AZUL TRANSP AM-PU0640A2-A,,,All,0.0,0.0,Metro,0.0,
TUERCA HEXAGONAL 8.8 MM P0.04 NATURAL 2,02-020-2,,EL TORNILLO,0.11,0.5,Pieza,0.39,78.0
TUERCA HEXAGONAL 8.8 MM P0.50 NATURAL 3,02-020-3,,EL TORNILLO,0.11,0.5,Pieza,0.39,78.0
TUERCA HEXAGONAL 8.8 MM P0.70 NATURAL 4,02-020-4,,EL TORNILLO,0.11,0.5,Pieza,0.39,78.0
TUERCA HEXAGONAL 8.8 MM P0.80 NATURAL 5,02-020-5,,EL TORNILLO,0.08,0.5,Pieza,0.42,84.0
TUERCA HEXAGONAL 8.8 MM P1.00 NATURAL 6,02-020-6,,EL TORNILLO,0.12,0.5,Pieza,0.38,76.0
TUERCA HEXAGONAL 8.8 MM P1.00 NATURAL 7,02-020-7,,EL TORNILLO,0.4,1.0,Pieza,0.6,60.0
TUERCA HEXAGONAL 8.8 MM P1.25 NATURAL 8,02-020-8,,EL TORNILLO,0.26,1.0,Pieza,0.74,74.0
TUERCA HEXAGONAL G2 NC NEGRA 1/4,,,EL TORNILLO,0.0,1.0,Pieza,1.0,100.0
TUERCA HEXAGONAL G2 NC NEGRA 1/8,,,EL TORNILLO,0.0,0.5,Pieza,0.5,100.0
TUERCA HEXAGONAL G2 NC NEGRA 3/16,,,EL TORNILLO,0.0,0.5,Pieza,0.5,100.0
TUERCA HEXAGONAL G2 NC NEGRA 5/16,,,EL TORNILLO,0.0,1.0,Pieza,1.0,100.0
TUERCA HEXAGONAL G2 NC NEGRA 5/32,,,EL TORNILLO,0.0,0.5,Pieza,0.5,100.0
TUERCA HEXAGONAL G5 NF 24H PAVONADA 5/16,02-012-5/16,,EL TORNILLO,0.56,1.0,Pieza,0.4399999999999999,43.99999999999999
TUERCA HEXAGONAL LIVIANA G2 NC 18H GALVANIZADA 5/16,02-002-5/16,,EL TORNILLO,0.27,1.0,Pieza,0.73,73.0
TUERCA HEXAGONAL LIVIANA G2 NC 20H GALVANIZADA 1/4,02-002-1/4,,EL TORNILLO,0.18,1.0,Pieza,0.8200000000000001,82.0
TUERCA HEXAGONAL LIVIANA G2 NC 24H GALVANIZADA 3/16,02-002-3/16,,EL TORNILLO,0.11,0.5,Pieza,0.39,78.0
TUERCA HEXAGONAL LIVIANA G2 NC 32H GALVANIZADA 5/32,02-002-5/32,,EL TORNILLO,0.1,0.5,Pieza,0.4,80.0
TUERCA HEXAGONAL LIVIANA G2 NC 40H GALVANIZADA 1/8,02-002-1/8,,EL TORNILLO,0.1,0.5,Pieza,0.4,80.0
TUERCA HEXAGONAL LIVIANA G2 NC 40H NATURAL 1/8,02-001-1/8,,EL TORNILLO,0.09,0.5,Pieza,0.41,82.0
TUERCA HEXAGONAL LIVIANA G2 NF 24H NATURAL 3/8,02-004-3/8,,EL TORNILLO,0.4,1.0,Pieza,0.6,60.0
TUERCA HEXAGONAL LIVIANA G2 NF 24H NATURAL 5/16,02-004-5/16,,EL TORNILLO,0.3,1.0,Pieza,0.7,70.0
TUERCA HEXAGONAL LIVIANA G2 NF 28H NATURAL 1/4,02-004-1/4,,EL TORNILLO,0.26,1.0,Pieza,0.74,74.0
TUERCA HEXAGONAL LIVIANA G2 NF 32H NATURAL 3/16,02-004-3/16,,EL TORNILLO,0.15,0.5,Pieza,0.35,70.0
TUERCA HEXAGONAL LIVIANA G2 NF NEGRA 1/4,,,EL TORNILLO,0.0,1.0,Pieza,1.0,100.0
TUERCA SEGURIDAD INSERTO NYLON NC 20H GALVANIZADA 1/4,02-025-1/4,,EL TORNILLO,0.29,1.0,Pieza,0.71,71.0
TUERCA SEGURIDAD INSERTO NYLON NC 24H GALVANIZADA 3/16,02-025-3/16,,EL TORNILLO,0.2,1.0,Pieza,0.8,80.0
Tirabuzón barra redonda de 3”,,,All,0.0,0.0,Pieza,0.0,
Tirabuzón barra redonda de 4”,,,All,0.0,0.0,Pieza,0.0,
Tubería PVC serie 20 de 12” de diámetro,,,EUROVAL,0.0,0.0,Pieza,0.0,
Tubería PVC serie 20 de 12” de diámetro.,,,EUROVAL,0.0,0.0,Pieza,0.0,
Tubo para columna ADEME de 3”/250 M Prof.,,,All,0.0,0.0,Pieza,0.0,
Tubo para columna ADEME de 4”/250 M Prof.,,,All,0.0,0.0,Pieza,0.0,
"VAL ESF LATON ROSC 1"" P/COMP",,,METALFLU,184.33,1.0,Pieza,-183.33,-18333.0
Varilla para desazolve,,,All,0.0,0.0,Pieza,0.0,
"Válvula Check P/bomba sumergible en hierro ductil para columna de 4”, diseñada para aplicaciones en vertical, conexión Hembra – Hembra. Marca Altamira u otra marca equivalente en calidad, características, componentes, durabilidad y precio.",,,All,0.0,0.0,Pieza,0.0,
"Válvula check P/bomba sumergible en hierro ductil para columna de 3”, diseñada para aplicaciones en vertical, Conexión Hembra - Hembra Marca Altamira u otra marca equivalente en calidad, características, componentes, durabilidad y precio.",,,All,0.0,0.0,Pieza,0.0,
"[SAPO] RF SAPO PARA WC 2""",,,FERREVAL,0.0,1.0,Pieza,1.0,100.0
lija velco,,,All,0.0,1.0,Pieza,1.0,100.0
ventas,,,General,0.0,0.0,,0.0,
